103742000102,令和2年,無し
103442000112,令和2年,無し
101642000218,令和2年,無し
100942000901,令和2年,無し
105942000202,令和元年（平成31年）,無し
105942000202,令和元年（平成31年）,無し
100542001210,令和元年（平成31年）,無し
106442000401,令和2年,無し
105902000112,令和2年,無し
100802000901,令和元年（平成31年）,無し
100603000901,令和2年,無し
100303001113,令和元年（平成31年）,無し
100127018812,令和2年,無し
100104002013,令和元年（平成31年）,無し
100304000801,令和元年（平成31年）,無し
100204001501,令和元年（平成31年）,無し
100204001501,令和2年,無し
101005000310,令和2年,無し
100805000203,令和2年,有り
100105000301,令和元年（平成31年）,無し
100605000912,令和2年,無し
100805000101,令和元年（平成31年）,有り
105006000301,令和2年,無し
100106002313,令和2年,無し
101506000301,令和2年,無し
106506000101,令和2年,無し
100207002513,令和2年,無し
100407000613,令和元年（平成31年）,無し
100407000101,令和元年（平成31年）,無し
100407000101,令和2年,無し
105107000601,令和2年,無し
100107001301,令和2年,有り
103813001202,令和元年（平成31年）,無し
105307000501,令和元年（平成31年）,有り
105908000210,令和元年（平成31年）,無し
100308001501,令和元年（平成31年）,無し
105108001302,令和元年（平成31年）,無し
100108001301,令和元年（平成31年）,無し
100909001801,令和元年（平成31年）,無し
100109000601,令和元年（平成31年）,無し
100110002313,令和元年（平成31年）,無し
100110000801,令和元年（平成31年）,無し
100110002813,令和元年（平成31年）,無し
104710000101,令和元年（平成31年）,無し
101910000101,令和元年（平成31年）,無し
100515002113,令和元年（平成31年）,無し
100315003813,令和元年（平成31年）,無し
100415002513,令和元年（平成31年）,無し
100315004313,令和元年（平成31年）,無し
100616000101,令和2年,無し
101416000102,令和元年（平成31年）,有り
101416000102,令和2年,有り
100116001113,令和元年（平成31年）,無し
100116001113,令和元年（平成31年）,無し
100116001113,令和元年（平成31年）,無し
100116001113,令和元年（平成31年）,無し
100116001113,令和元年（平成31年）,無し
100116001113,令和元年（平成31年）,無し
100116001113,令和元年（平成31年）,無し
100116001113,令和元年（平成31年）,無し
100116001113,令和元年（平成31年）,無し
100116001113,令和元年（平成31年）,無し
100116001113,令和元年（平成31年）,無し
100116001113,令和元年（平成31年）,無し
100116001113,令和元年（平成31年）,無し
100116001113,令和元年（平成31年）,無し
100116001113,令和元年（平成31年）,無し
100116001113,令和元年（平成31年）,無し
100116001113,令和元年（平成31年）,無し
100116001113,令和元年（平成31年）,無し
100116001113,令和元年（平成31年）,無し
100116001113,令和元年（平成31年）,無し
100116001113,令和元年（平成31年）,無し
100116001113,令和元年（平成31年）,無し
101016000601,令和元年（平成31年）,無し
105416000102,令和元年（平成31年）,無し
105416000102,令和2年,無し
100916000502,令和元年（平成31年）,無し
100916000502,令和2年,無し
100916000502,令和元年（平成31年）,無し
100916000502,令和2年,無し
106316000201,令和2年,無し
101016000101,令和2年,無し
100617001301,令和元年（平成31年）,有り
105017000301,令和元年（平成31年）,無し
106517000401,令和2年,無し
105617000201,令和2年,無し
100217000101,令和元年（平成31年）,無し
105817000401,令和元年（平成31年）,無し
100117000301,令和元年（平成31年）,無し
104817000112,令和元年（平成31年）,無し
103517000110,令和2年,無し
101118000301,令和2年,無し
106518000401,令和2年,無し
100218000301,令和元年（平成31年）,無し
100218000301,令和2年,無し
100819000801,令和元年（平成31年）,無し
100120001402,令和元年（平成31年）,有り
100120001921,令和元年（平成31年）,無し
103320000101,令和元年（平成31年）,無し
101120001301,令和元年（平成31年）,無し
105820000502,令和元年（平成31年）,無し
105820000502,令和元年（平成31年）,無し
105120001610,令和元年（平成31年）,無し
100320001701,令和元年（平成31年）,有り
100621003301,令和元年（平成31年）,無し
105121000111,令和元年（平成31年）,無し
104821000412,令和元年（平成31年）,無し
100221003613,令和元年（平成31年）,無し
102221000101,令和元年（平成31年）,無し
100221000201,令和2年,無し
106021000301,令和2年,無し
104221000101,令和2年,無し
102521000101,令和2年,無し
106421000502,令和2年,無し
100221000301,令和元年（平成31年）,有り
100721000101,令和元年（平成31年）,無し
100721000101,令和2年,無し
100721000901,令和元年（平成31年）,無し
105721000201,令和元年（平成31年）,無し
105721000201,令和2年,無し
100221003212,令和元年（平成31年）,有り
100221003212,令和2年,無し
101721000201,令和2年,無し
100422001801,令和元年（平成31年）,無し
105822000211,令和元年（平成31年）,無し
100222004811,令和元年（平成31年）,有り
102522000210,令和元年（平成31年）,無し
100122015513,令和元年（平成31年）,有り
100122012802,令和元年（平成31年）,無し
100122012802,令和元年（平成31年）,無し
100322002601,令和元年（平成31年）,無し
100524000101,令和元年（平成31年）,無し
105124001302,令和2年,有り
105124001302,令和2年,有り
100224000401,令和元年（平成31年）,無し
101124000701,令和2年,無し
100224002913,令和元年（平成31年）,無し
105224000501,令和2年,無し
101324000401,令和元年（平成31年）,有り
101324000401,令和2年,無し
105924000302,令和元年（平成31年）,有り
100826001001,令和元年（平成31年）,有り
100825000401,令和2年,有り
105025000201,令和2年,無し
104525000403,令和2年,無し
101225000201,令和2年,有り
100525000101,令和元年（平成31年）,無し
102226000710,令和元年（平成31年）,無し
100926005801,令和2年,有り
104826000514,令和元年（平成31年）,無し
106526000801,令和2年,無し
106326000301,令和2年,無し
100826002002,令和元年（平成31年）,無し
100826002002,令和2年,無し
105626000901,令和元年（平成31年）,有り
104626000901,令和元年（平成31年）,無し
102026000101,令和2年,無し
100526002101,令和2年,有り
100226002601,令和2年,無し
105326000403,令和2年,無し
104529000121,令和元年（平成31年）,無し
101727001201,令和2年,無し
100829000501,令和元年（平成31年）,有り
105329000401,令和元年（平成31年）,無し
100629002301,令和元年（平成31年）,有り
100130001413,令和元年（平成31年）,無し
100130000801,令和元年（平成31年）,有り
100430000123,令和元年（平成31年）,無し
100630001601,令和元年（平成31年）,無し
106230000110,令和2年,無し
100431000402,令和元年（平成31年）,無し
105531000110,令和元年（平成31年）,無し
105531000110,令和2年,無し
105732000311,令和元年（平成31年）,無し
100132001213,令和元年（平成31年）,無し
100132001213,令和2年,無し
100132000201,令和元年（平成31年）,無し
100332000201,令和元年（平成31年）,無し
100332000201,令和2年,無し
105232000201,令和元年（平成31年）,無し
100633001601,令和元年（平成31年）,無し
100533002312,令和元年（平成31年）,無し
100533002410,令和元年（平成31年）,無し
101633000205,令和元年（平成31年）,無し
100433001005,令和元年（平成31年）,無し
105733000301,令和元年（平成31年）,無し
100733003301,令和元年（平成31年）,無し
100633002401,令和元年（平成31年）,無し
105333000101,令和元年（平成31年）,無し
100333002413,令和2年,無し
100233003012,令和元年（平成31年）,無し
105233000701,令和元年（平成31年）,無し
100633001501,令和元年（平成31年）,無し
100733000401,令和2年,無し
100233002923,令和元年（平成31年）,無し
100633002801,令和2年,無し
101533000101,令和元年（平成31年）,無し
105233000201,令和元年（平成31年）,無し
103733000101,令和元年（平成31年）,無し
100933000401,令和元年（平成31年）,無し
100933000401,令和2年,無し
100333001802,令和元年（平成31年）,有り
104533000102,令和元年（平成31年）,無し
104533000102,令和元年（平成31年）,無し
100833001301,令和元年（平成31年）,無し
101833000303,令和2年,無し
106033000201,令和2年,無し
100133000501,令和2年,無し
105033000101,令和2年,無し
104433000201,令和元年（平成31年）,無し
105834000610,令和元年（平成31年）,無し
105834000610,令和2年,無し
105034000101,令和元年（平成31年）,無し
105034000101,令和2年,無し
101234000401,令和元年（平成31年）,有り
105634000301,令和元年（平成31年）,無し
100834008610,令和元年（平成31年）,無し
105134002110,令和元年（平成31年）,無し
100234000901,令和元年（平成31年）,無し
100234000901,令和2年,無し
100734007223,令和元年（平成31年）,無し
100634004301,令和元年（平成31年）,無し
101534000101,令和2年,無し
101234001313,令和2年,有り
101034000801,令和元年（平成31年）,無し
101034000801,令和2年,無し
103534000302,令和元年（平成31年）,無し
103534000302,令和2年,無し
100134002102,令和元年（平成31年）,有り
100134002102,令和2年,有り
100134002102,令和元年（平成31年）,有り
100134002102,令和2年,有り
100935001702,令和元年（平成31年）,有り
100634001901,令和2年,有り
105234000603,令和元年（平成31年）,無し
100234000601,令和元年（平成31年）,無し
100234000601,令和2年,無し
100934002701,令和元年（平成31年）,有り
105434000701,令和元年（平成31年）,有り
100534003012,令和元年（平成31年）,無し
100134000601,令和元年（平成31年）,無し
100334001601,令和元年（平成31年）,無し
105134000401,令和元年（平成31年）,有り
100435000401,令和元年（平成31年）,有り
100435000401,令和2年,有り
105735000514,令和元年（平成31年）,無し
104835000311,令和元年（平成31年）,無し
100935001920,令和元年（平成31年）,無し
105935000212,令和2年,無し
100735002012,令和元年（平成31年）,無し
101135000201,令和元年（平成31年）,無し
101135000701,令和元年（平成31年）,無し
100335001102,令和元年（平成31年）,有り
105235000202,令和元年（平成31年）,無し
105235000202,令和2年,無し
100935001702,令和元年（平成31年）,有り
100635004210,令和元年（平成31年）,有り
100735000801,令和元年（平成31年）,無し
101135001203,令和2年,無し
100335000301,令和2年,無し
100635001401,令和元年（平成31年）,無し
102136000212,令和元年（平成31年）,無し
102836000112,令和元年（平成31年）,無し
100636000301,令和2年,無し
100136000201,令和元年（平成31年）,無し
103436000101,令和2年,無し
100636001010,令和元年（平成31年）,無し
100636001010,令和2年,無し
100837000920,令和元年（平成31年）,無し
102737000110,令和元年（平成31年）,無し
103537000101,令和元年（平成31年）,無し
101037000912,令和元年（平成31年）,無し
100137001313,令和元年（平成31年）,無し
105837000401,令和元年（平成31年）,無し
105837000401,令和2年,無し
100437001023,令和元年（平成31年）,無し
100137001413,令和元年（平成31年）,無し
100137001413,令和2年,無し
105937000101,令和元年（平成31年）,無し
100137000301,令和2年,有り
100737000601,令和元年（平成31年）,無し
100737000601,令和2年,無し
105137000101,令和元年（平成31年）,無し
101037000501,令和2年,有り
105037000401,令和元年（平成31年）,無し
105037000401,令和2年,無し
100637000301,令和元年（平成31年）,有り
106237000301,令和2年,無し
104937000124,令和元年（平成31年）,無し
104937000124,令和2年,無し
100537000801,令和元年（平成31年）,無し
100637002001,令和元年（平成31年）,無し
104838000212,令和元年（平成31年）,無し
100138000201,令和元年（平成31年）,無し
100138000201,令和2年,無し
100238000813,令和2年,無し
101938000101,令和元年（平成31年）,無し
105038001601,令和元年（平成31年）,無し
106538000301,令和2年,無し
100338000812,令和元年（平成31年）,無し
100338000812,令和2年,無し
100738000412,令和元年（平成31年）,無し
100738000412,令和2年,無し
100838001401,令和元年（平成31年）,無し
100838001401,令和2年,無し
101238000301,令和元年（平成31年）,無し
105038001501,令和元年（平成31年）,無し
105838000301,令和元年（平成31年）,無し
105138000101,令和元年（平成31年）,無し
105138000101,令和2年,無し
100638000601,令和元年（平成31年）,無し
105938000201,令和元年（平成31年）,無し
105938000201,令和2年,無し
101738000201,令和元年（平成31年）,無し
100638001410,令和元年（平成31年）,無し
101038000501,令和元年（平成31年）,無し
101338000410,令和元年（平成31年）,無し
101338000410,令和2年,無し
102038000301,令和元年（平成31年）,無し
106438000602,令和2年,無し
100538000102,令和元年（平成31年）,有り
100538000102,令和2年,無し
100638001302,令和元年（平成31年）,無し
100338001201,令和2年,無し
100238001413,令和元年（平成31年）,無し
100238001413,令和2年,無し
100638001601,令和2年,無し
100238000601,令和元年（平成31年）,無し
100438000301,令和2年,無し
102338000201,令和2年,無し
106338000301,令和2年,無し
105238000201,令和元年（平成31年）,無し
105238001601,令和元年（平成31年）,無し
105238001601,令和2年,無し
100838000301,令和元年（平成31年）,無し
101438000301,令和2年,無し
100638000501,令和2年,無し
105638000101,令和元年（平成31年）,無し
106038000201,令和2年,無し
105738000301,令和元年（平成31年）,無し
104739000110,令和元年（平成31年）,無し
104739000110,令和2年,無し
100139000613,令和元年（平成31年）,無し
100139000713,令和2年,無し
100439000423,令和2年,無し
101139000401,令和元年（平成31年）,有り
105939000101,令和元年（平成31年）,無し
100139000401,令和元年（平成31年）,有り
105139000201,令和元年（平成31年）,無し
105439000201,令和元年（平成31年）,無し
102539000101,令和2年,有り
100139000813,令和元年（平成31年）,有り
100939000301,令和元年（平成31年）,有り
101141000401,令和元年（平成31年）,無し
105341000310,令和元年（平成31年）,無し
106541000601,令和2年,無し
100841000701,令和元年（平成31年）,無し
104741000101,令和元年（平成31年）,無し
105241000101,令和2年,無し
100543000710,令和元年（平成31年）,無し
106343000310,令和2年,無し
100743000801,令和元年（平成31年）,無し
100743000801,令和2年,無し
100843000401,令和2年,無し
100543001323,令和元年（平成31年）,無し
100543001323,令和2年,無し
100543001323,令和元年（平成31年）,無し
100543001323,令和2年,無し
100543001323,令和元年（平成31年）,無し
100543001323,令和2年,無し
104543000301,令和2年,無し
105843000401,令和2年,無し
100943002601,令和元年（平成31年）,無し
103143000101,令和元年（平成31年）,無し
101143001301,令和元年（平成31年）,有り
100243000902,令和2年,有り
106443002202,令和2年,無し
100843004301,令和元年（平成31年）,無し
101043000301,令和2年,無し
104443000401,令和2年,無し
105043000801,令和2年,無し
100943000901,令和2年,無し
106543000201,令和2年,無し
105743000201,令和元年（平成31年）,有り
100844001101,令和元年（平成31年）,無し
100944000810,令和元年（平成31年）,無し
100740002812,令和2年,無し
100544001001,令和元年（平成31年）,無し
105344000905,令和2年,無し
103044000201,令和元年（平成31年）,無し
100844000601,令和元年（平成31年）,無し
100144000101,令和元年（平成31年）,無し
103544000201,令和元年（平成31年）,無し
106345000301,令和2年,無し
105345000201,令和元年（平成31年）,無し
105345000501,令和2年,無し
106145000401,令和2年,無し
105245000710,令和元年（平成31年）,無し
101845000101,令和2年,無し
106446001001,令和2年,無し
100146001701,令和元年（平成31年）,無し
100546000310,令和2年,無し
105646000101,令和2年,有り
100846002203,令和元年（平成31年）,無し
100846002203,令和2年,無し
100446001901,令和元年（平成31年）,有り
100446001901,令和2年,有り
104713003210,令和2年,無し
100246000501,令和元年（平成31年）,無し
100246000501,令和2年,無し
100346000601,令和元年（平成31年）,有り
101846000201,令和2年,有り
100147001413,令和元年（平成31年）,無し
100127018812,令和2年,無し
100947000503,令和元年（平成31年）,無し
100201003401,令和元年（平成31年）,無し
100601003702,令和元年（平成31年）,有り
100101006801,令和元年（平成31年）,無し
105601001201,令和2年,無し
100701001201,令和元年（平成31年）,無し
100701001201,令和2年,無し
105201001901,令和元年（平成31年）,無し
100601000901,令和2年,有り
104601000101,令和元年（平成31年）,無し
100201000102,令和元年（平成31年）,無し
105901000102,令和元年（平成31年）,無し
101001000902,令和元年（平成31年）,無し
101001000902,令和2年,無し
101001000902,令和元年（平成31年）,無し
101001000902,令和2年,無し
104401000502,令和元年（平成31年）,有り
104401000502,令和2年,無し
100201001102,令和元年（平成31年）,有り
100301000501,令和元年（平成31年）,有り
100301002801,令和元年（平成31年）,無し
100401002601,令和元年（平成31年）,無し
105201001001,令和元年（平成31年）,有り
100701004201,令和元年（平成31年）,無し
100101003001,令和元年（平成31年）,無し
105301001010,令和元年（平成31年）,無し
105901000910,令和元年（平成31年）,無し
100127018812,令和2年,無し
106101000310,令和2年,無し
100601003010,令和元年（平成31年）,無し
105201003612,令和元年（平成31年）,無し
105711000310,令和元年（平成31年）,無し
102711000110,令和元年（平成31年）,無し
104511000112,令和元年（平成31年）,無し
104511000414,令和元年（平成31年）,無し
100611000403,令和元年（平成31年）,無し
105111003301,令和元年（平成31年）,有り
100812007401,令和元年（平成31年）,無し
100312000401,令和元年（平成31年）,無し
102712000201,令和元年（平成31年）,無し
103212000110,令和元年（平成31年）,無し
101612000923,令和元年（平成31年）,無し
105112001103,令和元年（平成31年）,無し
100740007902,令和元年（平成31年）,無し
100120001402,令和元年（平成31年）,有り
100627059802,令和2年,無し
101213011102,令和元年（平成31年）,無し
101613007301,令和元年（平成31年）,無し
104513008201,令和元年（平成31年）,無し
100120001402,令和元年（平成31年）,有り
100113017902,令和元年（平成31年）,無し
100613022201,令和元年（平成31年）,有り
100113005001,令和元年（平成31年）,無し
100813042201,令和元年（平成31年）,無し
100313002702,令和元年（平成31年）,有り
100513024301,令和元年（平成31年）,有り
100113019402,令和元年（平成31年）,無し
103813001202,令和元年（平成31年）,無し
103813001202,令和元年（平成31年）,無し
100113017402,令和元年（平成31年）,無し
100538000102,令和元年（平成31年）,有り
100538000102,令和2年,無し
100913005102,令和元年（平成31年）,有り
103113004301,令和元年（平成31年）,有り
105913002403,令和元年（平成31年）,無し
104813006510,令和元年（平成31年）,無し
105013014410,令和元年（平成31年）,有り
105513006610,令和元年（平成31年）,無し
100313005806,令和元年（平成31年）,無し
101613008727,令和元年（平成31年）,無し
100623008120,令和元年（平成31年）,無し
100623008120,令和2年,無し
100127018812,令和2年,無し
100513011224,令和元年（平成31年）,無し
101412000612,令和元年（平成31年）,無し
105614001201,令和元年（平成31年）,無し
100740007902,令和元年（平成31年）,無し
100714004202,令和元年（平成31年）,無し
102514000311,令和元年（平成31年）,無し
105114007310,令和元年（平成31年）,無し
100314004812,令和元年（平成31年）,無し
101723002701,令和元年（平成31年）,有り
101723002701,令和2年,無し
100323000601,令和元年（平成31年）,有り
100223009401,令和2年,無し
101023000501,令和2年,有り
101923002401,令和元年（平成31年）,有り
100223011801,令和元年（平成31年）,有り
105323002101,令和元年（平成31年）,有り
100823006301,令和元年（平成31年）,無し
100823006301,令和2年,無し
100223006801,令和元年（平成31年）,無し
103023000301,令和元年（平成31年）,無し
104123000501,令和2年,無し
100723009402,令和2年,有り
100123007802,令和元年（平成31年）,無し
100123007802,令和2年,無し
104223000302,令和元年（平成31年）,有り
104223000302,令和元年（平成31年）,有り
100423000501,令和2年,無し
100323006201,令和元年（平成31年）,無し
100223008201,令和元年（平成31年）,無し
100523005205,令和元年（平成31年）,無し
100623008120,令和元年（平成31年）,無し
100623008120,令和2年,無し
101823002112,令和元年（平成31年）,無し
100127018812,令和2年,無し
102023001112,令和2年,無し
105723003503,令和元年（平成31年）,無し
100323010323,令和元年（平成31年）,無し
106323000110,令和2年,無し
101023001803,令和2年,無し
105723000110,令和元年（平成31年）,無し
106423004603,令和2年,無し
100827021901,令和元年（平成31年）,有り
104527003602,令和2年,無し
105527001302,令和元年（平成31年）,無し
100627059802,令和2年,無し
101127003201,令和2年,有り
101027006901,令和2年,有り
102927001701,令和元年（平成31年）,無し
102927001701,令和2年,無し
100227011102,令和元年（平成31年）,有り
100827018401,令和元年（平成31年）,有り
100827018401,令和2年,有り
100127004501,令和2年,無し
100627030401,令和2年,無し
104827001211,令和2年,無し
106427007712,令和2年,無し
105627000403,令和元年（平成31年）,無し
100127018812,令和2年,無し
105427004712,令和2年,無し
102827001412,令和2年,無し
100727006203,令和元年（平成31年）,有り
100727006203,令和2年,有り
106327003610,令和2年,無し
100527015410,令和元年（平成31年）,無し
104927002103,令和元年（平成31年）,無し
104327000211,令和2年,無し
100328002601,令和元年（平成31年）,有り
100528000701,令和元年（平成31年）,有り
100927005401,令和元年（平成31年）,無し
100927005401,令和2年,有り
100228004501,令和元年（平成31年）,無し
100728002902,令和元年（平成31年）,有り
105428002201,令和元年（平成31年）,無し
101228002001,令和元年（平成31年）,有り
100328002901,令和元年（平成31年）,有り
100428000710,令和元年（平成31年）,無し
106128000711,令和2年,無し
100740007902,令和元年（平成31年）,無し
100640006001,令和元年（平成31年）,有り
100140001401,令和2年,有り
100243000902,令和2年,有り
106443002202,令和2年,無し
104040000201,令和元年（平成31年）,有り
101040008801,令和2年,有り
105040000201,令和2年,有り
100740003301,令和元年（平成31年）,無し
100740003301,令和2年,有り
100740007201,令和2年,無し
100640007501,令和元年（平成31年）,有り
100140007526,令和2年,無し
105040000703,令和元年（平成31年）,有り
103440000210,令和元年（平成31年）,無し
105540000710,令和2年,無し
100740002812,令和2年,無し
100127018812,令和2年,無し
100740004003,令和2年,無し
101840000210,令和2年,無し
105340000810,令和元年（平成31年）,無し
105540000310,令和2年,無し
100440000112,令和元年（平成31年）,無し
100440000112,令和元年（平成31年）,無し
105240002203,令和2年,無し
